Ancienne URL,Nouvelle URL,Type de redirection,Statut de la redirection,Remarques
/nos-affaires/categories/accidents-erreurs-médicales,/blog/categories/accidents-erreurs-médicales,Redirection unique,Active,
/nos-dernières-affaires,/nos-dernieres-affaires,Redirection unique,Active,
/jurisprudence/erreur-diagnostic-pas-necessairement-fautive,/post/médical-l-erreur-de-diagnostic-n-est-pas-nécessairement-fautive,Redirection unique,Active,
/avocat-divorce-bordeaux,/droit-des-contrats-et-des-personnes/droit-de-la-famille,Redirection unique,Active,
/faq/defense-droit-penal/comparution-immediate,/post/qu-est-ce-que-la-comparution-immédiate,Redirection unique,Active,
/faq/droit-contrats/sinistre-automobile-assurance-de-vehicule-me-reclamer-preuve-de-achat-de-mindemniser,/post/sinistre-automobile-mon-assurance-de-véhicule-peut-elle-me-réclamer-la-preuve-de-mon-achat-avant-d,Redirection unique,Active,
/nos-affaires/categories/droit-pénal,/blog/categories/droit-pénal,Redirection unique,Active,
/avocat-trafic-stupefiants-bordeaux,/defense-penale/trafic-de-stupefiant,Redirection unique,Active,
/actualites-indemnisations-victimes-infractions-penales,/nos-affaires/categories/indemnisation-des-victimes-pénale,Redirection unique,Active,
/post/cour-d-assises-d-appel-comment-une-défense-axée-sur-l-humain-a-permis-de-réduire-la-peine-d-un-bra,/post/notre-defense-permet-reduction-peine-recidiviste,Redirection unique,Active,
/actualites-droit-penal-trafic-stupefiants/dossier-air-cocaine-pays-basque-importation-stupefiants-bande-organisee,/post/dossier-air-cocaine-au-pays-basque-maître-plouton-intervient-en-défense-pour-l-un-des-11-prévenus,Redirection unique,Active,
/faq/defense-droit-penal/abus-de-confiance,/post/l-abus-de-confiance-en-droit-français-ce-que-vous-devez-savoir-en-2025,Redirection unique,Active,
/actualites-penal-affaires-delinquance-economique-financiere/saisie-meubles-pas-debiteurs,/post/une-saisie-de-meubles-qui-n-appartenaient-pas-aux-débiteurs,Redirection unique,Active,
/faq/droit-contrats/bail-commercial-recours-exercer-preneur-a-lencontre-bailleur-cas-loyer-eleve,/post/bail-commercial-recours-exercer-preneur-a-lencontre-bailleur-cas-loyer-eleve,Redirection unique,Active,
/actualites-du-cabinet/ouverture-commerce-cbd-bordeaux,/post/commerce-de-cbd-assemblée-nationale-le-jugement-d-inconventionnalité-obtenu-par-le-cabinet-inspir,Redirection unique,Active,
/faq/droit-contrats/explication-garantie-perte-exploitation,/droit-des-contrats-et-des-personnes/droit-assurances-particuliers-professionnels,Redirection unique,Active,
/droit-penal-avocat-bordeaux,/defense-penale/droit-penal,Redirection unique,Active,
/faq/indemnisation-victimes-infractions-penales/bien-faire-evaluer-prejudices-laide-a-tierce-personne-dont-jai-besoin-lors-de-lexpertise-medicale,/indemnisation-des-victimes/accidents-et-erreurs-medicales,Redirection unique,Active,
/indemnisation-victimes/accident-circulation,/indemnisation-des-victimes/accident-de-la-route,Redirection unique,Active,
/faq/indemnisation-victimes-infractions-penales/victime-accident,/indemnisation-des-victimes/accident-de-la-route,Redirection unique,Active,
/avocat-droit-contrats,/droit-des-contrats-et-des-personnes/defense-des-consommateurs,Redirection unique,Active,
/actualites-indemnisations-accidents-medicaux,/nos-affaires/categories/accidents-erreurs-medicales,Redirection unique,Active,
/faq/defense-droit-penal/assignation-a-residence-surveillance-electronique-arse,/post/l-assignation-à-résidence-sous-surveillance-électronique-arse-comprendre,Redirection unique,Active,
/post/sinistre-automobile-mon-assurance-de-véhicule-peut-elle-me-réclamer-la-preuve-de-mon-achat-avant-d,/post/sinistre-automobile-mon-assurance-de-véhicule-me-réclame-la-preuve-achat,Redirection unique,Active,
/actualites-du-cabinet/vente-produits-cannabidiol-thc-decision-reglementation-francaise,/post/vente-de-produits-à-base-de-chanvre-contenant-du-cbd-et-du-thc-le-cabinet-obtient-la-1ère-décision,Redirection unique,Active,
/avocat-victime-bordeaux/infractions-penales,/indemnisation-des-victimes/victimes-de-delits-ou-crimes,Redirection unique,Active,
/actualites-indemnisations-accidents-route-circulation/accident-de-la-circulation-de-chaniers-le-cabinet-saisi-en-defense-par-les-familles-des-victimes,/post/accident-de-la-circulation-de-chaniers-le-cabinet-saisi-en-défense-par-les-familles-des-victimes,Redirection unique,Active,
/faq/indemnisation-victimes-infractions-penales/conditions-recevabilite-action-portee-sarvi,/post/sarvi-comment-récupérer-vos-dommages-et-intérêts-après-une-condamnation-pénale,Redirection unique,Active,
/défense-pénale/procès-criminel,/defense-penale/proces-criminel,Redirection unique,Active,
/actualites-du-cabinet/cbd-tribunal-correctionnel-bordeaux,/post/cbd-le-tribunal-correctionnel-de-bordeaux-confirme-sa-position-sur-la-fleur-de-chanvre,Redirection unique,Active,
/nos-affaires/categories/violences-conjugales-féminicides,/blog/categories/violences-conjugales-féminicides,Redirection unique,Active,
/indemnisation-des-victimes/victimes-de-délits-ou-crimes,/indemnisation-des-victimes/victimes-de-delits-ou-crimes,Redirection unique,Active,
/droit-pénal,/defense-penale/droit-penal,Redirection unique,Active,
/faq/defense-droit-penal/definition-casier-judiciaire,/post/casier-judiciaire-comprendre-et-effacer,Redirection unique,Active,
/actualites-contrat-defense-consommateurs/defense-consommateurs,/nos-affaires/categories/défense-du-consommateur,Redirection unique,Active,
/actualites-cour-assises,/nos-affaires/categories/droit-criminel,Redirection unique,Active,
/post/droits-en-garde-à-vue-la-liste-complète-et-expliquée-pour-vous-défendre,/post/mes-droits-en-garde-a-vue,Redirection unique,Active,
/la-détention-domiciliaire-sous-surveillance-électronique-ddse-comprendre-cette-alternative-à-l-i,/post/la-détention-domiciliaire-sous-surveillance-électronique-ddse-comprendre,Redirection unique,Active,
/avocat-accident-de-la-route,/indemnisation-des-victimes/accident-de-la-route,Redirection unique,Active,
/faq/indemnisation-victimes-infractions-penales/loi-85-accidents-circulation,/post/loi-badinter-85-comprendre-vos-droits-à-indemnisation-après-un-accident-de-la-route,Redirection unique,Active,
/faq/defense-droit-penal/bracelet-anti-rapprochement,/post/qu-est-ce-que-le-bracelet-anti-rapprochement,Redirection unique,Active,
/foire-aux-questions,/nos-affaires/categories/ressources-et-notions-juridiques,Redirection unique,Active,
/avocat-a-bordeaux/avocat-divorce-bordeaux,/droit-des-contrats-et-des-personnes/droit-de-la-famille,Redirection unique,Active,
/avocat-victime-bordeaux/responsabilite-medicale-faute-technique,/indemnisation-des-victimes/accidents-et-erreurs-medicales,Redirection unique,Active,
/faq/defense-droit-penal/responsabilite-penale-du-dirigeant-comment-proteger-votre-entreprise,/post/comprendre-et-prévenir-la-responsabilité-pénale-du-dirigeant,Redirection unique,Active,
/actualites-droit-penal-defense-penale/meurtre-grenoble,/post/tueur-à-trottinette-à-grenoble-le-cabinet-saisi-par-la-famille-de-la-victime,Redirection unique,Active,
/indemnisation-victimes,/indemnisation-des-victimes/victimes-de-delits-ou-crimes,Redirection unique,Active,
/nos-affaires/categories/droit-criminel,/blog/categories/droit-criminel,Redirection unique,Active,
/actualites-du-cabinet-plouton,/nos-affaires,Redirection unique,Active,
/violences-conjugales-et-féminicides,/defense-penale/violences-conjugales-et-feminicides,Redirection unique,Active,
/cabinet/honoraires-cabinet-avocats,/notre-cabinet,Redirection unique,Active,
/faq/indemnisation-victimes-infractions-penales/montant-indemnisation-pieton-renverse,/post/piéton-renversé-quel-est-le-montant-de-l-indemnisation,Redirection unique,Active,
/actualites-droit-penal-trafic-stupefiants/trafic-international-de-cocaine,/post/dossier-air-cocaïne-notre-client-reste-libre-avec-une-peine-de-4-ans-d-emprisonnement-1,Redirection unique,Active,
/defense-penale-par-un-avocat-penaliste/avocat-droit-penal-affaires,/defense-penale/droit-penal-des-affaires,Redirection unique,Active,
/actualites-avocats-bordeaux,/nos-affaires,Redirection unique,Active,
/indemnisation-des-victimes/accidents-et-erreurs-médicales,/indemnisation-des-victimes/accidents-et-erreurs-medicales,Redirection unique,Active,
/procès-criminel,/defense-penale/proces-criminel,Redirection unique,Active,
/nos-affaires/categories/trafic-de-stupéfiants,/blog/categories/trafic-de-stupéfiants,Redirection unique,Active,
/droit-de-la-famille/divorce-garde-enfant,/droit-des-contrats-et-des-personnes/droit-de-la-famille,Redirection unique,Active,
/defense-penale/droit-pénal-des-affaires,/defense-penale/droit-penal-des-affaires,Redirection unique,Active,
/défense-pénale/droit-pénal-des-affaires,/defense-penale/droit-penal-des-affaires,Redirection unique,Active,
/actualites-du-cabinet/dossier-descroquerie,/post/dossier-d-escroquerie,Redirection unique,Active,
/blank,/cabinet-v2,Redirection unique,Active,
/actualites-contrat-defense-consommateurs/vente-maison-infestation-termites-indemnisation,/post/vente-d-une-maison-infestée-par-les-termites-90-000-de-dommages-et-intérêts-pour-l-acheteur,Redirection unique,Active,
/défense-pénale,/defense-penale,Redirection unique,Active,
/actualites-contrat-defense-consommateurs/nullite-des-contrats-de-vente-et-de-pret,/post/nullité-d-un-contrat-de-vente-de-panneaux-solaires-le-cabinet-fait-réaliser-à-ses-clients-une-écon,Redirection unique,Active,
/droit-des-contrats-et-des-personnes/défense-des-consommateurs,/droit-des-contrats-et-des-personnes/defense-des-consommateurs,Redirection unique,Active,
/avocat-penaliste-defense-droit-penal/droit-penal-penaliste-defense,/indemnisation-des-victimes/victimes-de-delits-ou-crimes,Redirection unique,Active,
/avocat-victime-bordeaux/victimes-infractions-penales,/indemnisation-des-victimes/victimes-de-delits-ou-crimes,Redirection unique,Active,
/victimes-de-délits-ou-crimes,/indemnisation-des-victimes/victimes-de-delits-ou-crimes,Redirection unique,Active,
/indemnisation-des-victimes/accident-de-la-route,/indemnisation-des-victimes/accidents-de-la-route,Redirection unique,Active,
/post/mes-droits-en-garde-a-vue,/post/la-garde-à-vue-définition-droits-et-conséquences,Redirection unique,Active,
/avocat-droit-medical,/indemnisation-des-victimes/accidents-et-erreurs-medicales,Redirection unique,Active,
/faq/defense-droit-penal/presentation-reforme-prescription-penale,/post/réforme-de-la-prescription-pénale-comprendre-les-délais-et-les-nouvelles-règles,Redirection unique,Active,
/avocat-victime-bordeaux/accidents-du-travail,/indemnisation-des-victimes/droit-et-accidents-du-travail,Redirection unique,Active,
/avocat-violences-conjugales-a-bordeaux,/defense-penale/violences-conjugales-et-feminicides,Redirection unique,Active,
/post/sarci-ou-civi-indemnisation-victimes,/post/sarvi-ou-civi-indemnisation-victimes,Redirection unique,Active,
/avocat-victime-bordeaux/accidents-vie-courante,/indemnisation-des-victimes/accidents-de-la-vie-courante,Redirection unique,Active,
/nos-affaires/categories/droit-et-accidents-du-travail,/blog/categories/droit-et-accidents-du-travail,Redirection unique,Active,
/defense-penale/droit-penal',/defense-penale/droit-penal,Redirection unique,Active,
/actualites-indemnisations-accidents-travail,/nos-affaires/categories/droit-et-accidents-du-travail,Redirection unique,Active,
/accidents-et-erreurs-médicales,/indemnisation-des-victimes/accidents-et-erreurs-medicales,Redirection unique,Active,
/actualites-contrat-defense-consommateurs/pret-argent-reconnaissance-de-dette,/post/prêt-d-argent-entre-concubins-sans-reconnaissance-de-dette-le-tribunal-judiciaire-retient-l-imposs,Redirection unique,Active,
/faq/defense-droit-penal/cour-dassises,/defense-penale/proces-criminel,Redirection unique,Active,
/actualites-penal-affaires-delinquance-economique-financiere,/nos-affaires/categories/droit-pénal-des-affaires,Redirection unique,Active,
/home,/,Redirection unique,Active,
/defense-penale/proces-criminel',/defense-penale/proces-criminel,Redirection unique,Active,
/droit-de-la-consommation-consommateur/droit-contrats-assurances-indemnisation,/droit-des-contrats-et-des-personnes/droit-assurances-particuliers-professionnels,Redirection unique,Active,
/avocat-victime-bordeaux,/indemnisation-des-victimes/victimes-de-delits-ou-crimes,Redirection unique,Active,
/droit-de-la-famille/garde-alternee,/droit-des-contrats-et-des-personnes/droit-de-la-famille,Redirection unique,Active,
/defense-penale/droit-pénal,/defense-penale/droit-penal,Redirection unique,Active,
/contact,/notre-cabinet,Redirection unique,Active,
/avocat-victime-bordeaux/responsabilite-medicale-alea-therapeutique,/indemnisation-des-victimes/accidents-et-erreurs-medicales,Redirection unique,Active,
/avocat-accident-de-moto,/indemnisation-des-victimes/accident-de-la-route,Redirection unique,Active,
/droit-de-la-consommation-consommateur,/droit-des-contrats-et-des-personnes/droit-du-consommateur,Redirection unique,Active,
/actualites-droit-penal-trafic-stupefiants/test-salivaire-positif-stupefiant-nullite-procedure,/post/test-salivaire-positif-au-stupéfiant-et-cbd-le-cabinet-obtient-la-nullité-de-la-procédure-et-la-rel,Redirection unique,Active,
/avocat-droit-penal,/defense-penale/droit-penal,Redirection unique,Active,
/post/la-détention-domiciliaire-sous-surveillance-électronique-ddse-comprendre-cette-alternative-à-l-i,/post/la-détention-domiciliaire-sous-surveillance-électronique-ddse-comprendre,Redirection unique,Active,
/defense-penale/trafic-de-stupéfiant,/defense-penale/trafic-de-stupefiant,Redirection unique,Active,
/cabinet/cabinet-avocats-bordeaux,/notre-cabinet,Redirection unique,Active,
/defense-penale/detention-provisoire,/defense-penale/droit-penal,Redirection unique,Active,
/nos-dernieres-affaires,/nos-affaires,Redirection unique,Active,
/actualites-droit-penal-violences-conjugales,/nos-affaires/categories/violences-conjugales-feminicides,Redirection unique,Active,
/faq/defense-droit-penal/differences-garde-a-vue-audition-libre,/post/garde-à-vue-ou-audition-libre-différences-essentielles-à-connaître,Redirection unique,Active,
/actualites-du-cabinet/digue-du-cap-ferret,/post/cap-ferret-relaxe-pour-benoît-bartherotte,Redirection unique,Active,
/droit-de-la-famille/divorce-droit-visite-hebergement,/droit-des-contrats-et-des-personnes,Redirection unique,Active,
/faq/indemnisation-victimes-infractions-penales/jai-rdv-expertise-medicale-bien-preparer-dossier-medical,/post/comment-bien-préparer-mon-dossier-médical,Redirection unique,Active,
/faq/defense-droit-penal/peine-periode-de-surete,/post/qu-est-ce-qu-une-période-de-sureté,Redirection unique,Active,
/defense-penale/violences-conjugales-et-féminicides,/defense-penale/violences-conjugales-et-feminicides,Redirection unique,Active,
/faq/defense-droit-penal/lutte-contre-violences-conjugales-cpca,/defense-penale/violences-conjugales-et-feminicides,Redirection unique,Active,
/avocat-victime-bordeaux/accident-de-la-circulation-loi-badinter,/indemnisation-des-victimes/accident-de-la-route,Redirection unique,Active,
/actualites-du-cabinet/cbd-cour-justice-europeenne-legalite-commercialisation,/post/vente-de-produits-à-base-de-chanvre-contenant-du-cbd-et-du-thc-le-cabinet-obtient-la-1ère-décision,Redirection unique,Active,
/faq/defense-droit-penal/detention-a-domicile-ddse,/post/la-détention-domiciliaire-sous-surveillance-électronique-ddse-comprendre,Redirection unique,Active,
/faq/defense-droit-penal/infractions-droit-penal-affaires,/post/quelles-sont-les-principales-infractions-en-droit-pénal-des-affaires,Redirection unique,Active,
/indemnisation-victimes/accidents-du-travail,/indemnisation-des-victimes/droit-et-accidents-du-travail,Redirection unique,Active,
/actualites-indemnisations-accidents-vie-courante,/nos-affaires/categories/accidents-de-la-vie-courante,Redirection unique,Active,
/actualites-media/meurtre-crime-faits-divers-cour-assises-gironde,/post/meurtre-a-coups-de-talon-passage-de-maître-plouton-dans-l-émission-crime-et-faits-divers,Redirection unique,Active,
/défense-pénale/droit-pénal,/defense-penale/droit-penal,Redirection unique,Active,
/actualites-indemnisations-accidents-route-circulation/homicide-involontaire-partie-civile-reforme-permis-conduire,/post/accident-mortel-de-la-circulation-causé-par-une-personne-âgée-de-la-nécessaire-réforme-du-permis-d,Redirection unique,Active,
/faq/indemnisation-victimes-infractions-penales/procedure-de-reconnaissance-dune-maladie-professionnelle,/indemnisation-des-victimes/droit-et-accidents-du-travail,Redirection unique,Active,
/actualites-indemnisations-victimes-infractions-penales/indemnisation-victime-meurtre,/post/100-000-d-indemnisation-pour-la-famille-de-la-victime-d-un-meurtre-jugé-par-la-cour-d-assises-de-l,Redirection unique,Active,
/actualites-indemnisations-accidents-route-circulation,/nos-affaires/categories/accidents-de-la-route,Redirection unique,Active,
/faq/droit-contrats/droit-travail-abandon-poste,/post/abandon-de-poste-quels-risques,Redirection unique,Active,
/nos-affaires/categories/ressources-et-notions-juridiques,/comprendre-le-droit,Redirection unique,Active,
/avocat-cour-dassises-bordeaux,/defense-penale/proces-criminel,Redirection unique,Active,
/droit-de-la-famille,/droit-des-contrats-et-des-personnes,Redirection unique,Active,
/avocat-accident-de-velo,/indemnisation-des-victimes/accident-de-la-route,Redirection unique,Active,
/faq/defense-droit-penal/deposer-plainte-attente-reaction,/post/dépôt-de-plainte-en-france-comment-porter-plainte-efficacement,Redirection unique,Active,
/actualites-contrat-defense-consommateurs,/nos-affaires/categories/défense-des-consommateurs,Redirection unique,Active,
/actualites-droit-penal-defense-penale,/nos-affaires/categories/droit-penal,Redirection unique,Active,
/nos-affaires/categories/droit-des-assurances,/blog/categories/droit-des-assurances,Redirection unique,Active,
/cabinet/equipe-avocats,/notre-cabinet,Redirection unique,Active,
/droit-des-contrats-et-des-personnes/droit-du-consommateur,/droit-des-contrats-et-des-personnes/defense-des-consommateurs,Redirection unique,Active,
/faq/indemnisation-victimes-infractions-penales/traumatisme-cranien-accident-voiture,/post/traumatisme-cranien-accident-voiture,Redirection unique,Active,
/faq/defense-droit-penal/differences-temoin-assiste-examen-accuse,/post/mis-en-cause-temoin-assiste-prevenu-accuse-differences,Redirection unique,Active,
/faq/defense-droit-penal/premeditation,/post/la-préméditation-en-droit-pénal-français-définition-et-conséquences-juridiques,Redirection unique,Active,
/droit-de-la-consommation-consommateur/droit-travail,/indemnisation-des-victimes/droit-et-accidents-du-travail,Redirection unique,Active,
/defense-penale/garde-a-vue,/post/la-garde-à-vue-définition-droits-et-conséquences,Redirection unique,Active,
/post/l-avocat-est-en-première-ligne-pour-témoigner-des-conséquences-dévastatrices-de-l-inceste-sur-une-v,/post/inceste-avocat-plouton-temoignage-conséquences,Redirection unique,Active,
/défense-pénale/trafic-de-stupéfiant,/defense-penale/trafic-de-stupefiant,Redirection unique,Active,
/faq/defense-droit-penal/condamnation-peine-emprisonnement-eviter-incarceration,/post/l-aménagement-de-peine-comment-peut-il-s-appliquer,Redirection unique,Active,
/faq/droit-contrats/delai-prescription-contrat-assurance,/droit-des-contrats-et-des-personnes/droit-assurances-particuliers-professionnels,Redirection unique,Active,
/nos-affaires/categories/médias,/blog/categories/médias,Redirection unique,Active,
/faq/droit-contrats/droit-commercial-interdiction-gerer,/post/l-interdiction-de-gérer-une-sanction-professionnelle-pour-dirigeants-d-entreprises-en-difficulté,Redirection unique,Active,
/faq/defense-droit-penal/consequences-apres-garde-vue,/post/la-garde-à-vue-définition-droits-et-conséquences,Redirection unique,Active,
/actualites-du-cabinet/chahinez-daoud-assassinat,/post/affaire-chahinez-daoud-mise-en-accusation-pour-assassinat-confirmée,Redirection unique,Active,
/defense-penale/procès-criminel,/defense-penale/proces-criminel,Redirection unique,Active,
/avocat-victime-bordeaux/responsabilite-medicale-infection-nosocomiale,/indemnisation-des-victimes/accidents-et-erreurs-medicales,Redirection unique,Active,
/nos-affaires-1,/nos-affaires,Redirection unique,Active,
/avocat-accident-de-la-route-bordeaux,/indemnisation-des-victimes/accident-de-la-route,Redirection unique,Active,
/défense-pénale/violences-conjugales-et-féminicides,/defense-penale/violences-conjugales-et-feminicides,Redirection unique,Active,
/faq/indemnisation-victimes-infractions-penales/explication-pretium-doloris,/post/le-pretium-doloris-guide-complet-pour-les-victimes-d-accidents,Redirection unique,Active,
/avocat-victime-bordeaux/accidents-medicaux,/indemnisation-des-victimes/accidents-et-erreurs-medicales,Redirection unique,Active,
/faq/defense-droit-penal/definition-periode-de-surete,/post/qu-est-ce-qu-une-période-de-sureté,Redirection unique,Active,
/faq/indemnisation-victimes-infractions-penales/indemnisation-victime-civi,/post/indemnisation-civi-2025-guide-complet-pour-les-victimes-d-infractions,Redirection unique,Active,
/defense-penale-par-un-avocat-penaliste/droit-penal-penaliste-defense,/defense-penale/droit-penal,Redirection unique,Active,
/actualites-droit-penal-trafic-stupefiants,/nos-affaires/categories/trafic-de-stupefiants,Redirection unique,Active,
/avocat-victime-bordeaux/responsabilite-medicale-obligation-dinformation,/indemnisation-des-victimes/accidents-et-erreurs-medicales,Redirection unique,Active,
/faq/indemnisation-victimes-infractions-penales/indemnisation-accident-du-travail,/post/accident-du-travail-comment-obtenir-votre-indemnisation,Redirection unique,Active,
/faq/defense-droit-penal/itt-penale-explications-consequences,/post/itt-pénale-définition-en-2025,Redirection unique,Active,
/plan-de-site,/,Redirection unique,Active,